city_id,name,cloudiness,country,date,humidity,lat,lng,maxTemp,windSpeed
0,Arlit,0,NE,11/14/2019 17:34,14,18.74,7.39,72.21,8.3
1,Butaritari,72,KI,11/14/2019 17:34,72,3.07,172.79,84.51,7.96
2,Port Alfred,60,ZA,11/14/2019 17:34,95,-33.59,26.89,63,1.01
3,Leningradskiy,34,RU,11/14/2019 17:34,85,69.38,178.42,16.75,12.66
4,Bluff,2,AU,11/14/2019 17:34,42,-23.58,149.07,84.49,7.11
5,Jamestown,8,AU,11/14/2019 17:34,37,-33.21,138.6,64.67,8.05
6,Aklavik,90,CA,11/14/2019 17:34,76,68.22,-135.01,-7.6,4.7
7,Igarka,25,RU,11/14/2019 17:34,96,67.47,86.57,-26.57,7.36
8,Hobart,20,AU,11/14/2019 17:33,30,-42.88,147.33,59,21.92
9,Ahipara,72,NZ,11/14/2019 17:34,68,-35.17,173.16,75,15.32
10,Khatanga,98,RU,11/14/2019 17:34,96,71.98,102.47,-13.27,12.15
11,Umm Lajj,0,SA,11/14/2019 17:34,59,25.02,37.27,76.3,1.05
12,Banjar,100,ID,11/14/2019 17:34,88,-7.37,108.54,76.6,1.21
13,San Patricio,0,PY,11/14/2019 17:34,74,-26.98,-56.83,72.43,4.14
14,Biu,33,NG,11/14/2019 17:34,30,10.61,12.19,79.68,7.96
15,Oakdale,1,US,11/14/2019 17:34,48,37.77,-120.85,69.8,9.17
16,Busselton,0,AU,11/14/2019 17:34,40,-33.64,115.35,69.01,15.19
17,Hermanus,72,ZA,11/14/2019 17:34,99,-34.42,19.24,64.99,10.09
18,Nanortalik,100,GL,11/14/2019 17:34,68,60.14,-45.24,33.91,34.45
19,Cape Town,75,ZA,11/14/2019 17:31,93,-33.93,18.42,66.99,18.34
20,Atuona,42,PF,11/14/2019 17:34,72,-9.8,-139.03,80.33,12.59
21,Laguna,0,BZ,11/14/2019 17:34,74,16.17,-88.94,82.4,4.7
22,Bolotnoye,100,RU,11/14/2019 17:34,93,55.67,84.39,0.28,8.28
23,Vagur,0,FO,11/14/2019 17:34,61,61.47,-6.81,40.46,12.71
24,Upernavik,92,GL,11/14/2019 17:34,82,72.79,-56.15,24.49,9.62
25,Castro,90,CL,11/14/2019 17:34,100,-42.48,-73.76,55.4,11.41
26,Fernie,75,CA,11/14/2019 17:34,80,49.5,-115.06,33.8,2.24
27,Rocha,51,UY,11/14/2019 17:30,83,-34.48,-54.34,58.41,11.95
28,Longyearbyen,20,NO,11/14/2019 17:34,58,78.22,15.63,26.6,13.87
29,Uzhur,100,RU,11/14/2019 17:34,90,55.32,89.85,-0.69,8.39
30,Bambous Virieux,75,MU,11/14/2019 17:34,73,-20.34,57.76,75.2,9.17
31,Albany,90,US,11/14/2019 17:30,44,42.65,-73.75,37.4,11.41
32,Torbay,40,CA,11/14/2019 17:34,63,47.66,-52.73,28.99,2.24
33,Mataura,63,NZ,11/14/2019 17:34,49,-46.19,168.86,64,14
34,Rio Cuarto,23,AR,11/14/2019 17:34,47,-33.13,-64.35,77,2.24
35,Rikitea,49,PF,11/14/2019 17:34,78,-23.12,-134.97,71.82,20.69
36,Bredasdorp,38,ZA,11/14/2019 17:34,93,-34.53,20.04,66.2,3.98
37,Bahawalnagar,100,PK,11/14/2019 17:34,64,29.99,73.25,65.46,2.55
38,Kodiak,1,US,11/14/2019 17:42,50,39.95,-94.76,35.6,4.7
39,Praia da Vitoria,90,PT,11/14/2019 17:42,77,38.73,-27.07,62.6,15.66
40,Port Hawkesbury,1,CA,11/14/2019 17:42,68,45.62,-61.36,32,4.7
41,Mabaruma,1,GY,11/14/2019 17:42,92,8.2,-59.78,74.53,2.55
42,Colares,20,PT,11/14/2019 17:42,81,38.8,-9.45,54,2.24
43,Jumla,100,NP,11/14/2019 17:42,50,29.28,82.18,42.84,5.59
44,Mar del Plata,28,AR,11/14/2019 17:42,34,-46.43,-67.52,71.64,22.95
45,Bethel,90,US,11/14/2019 17:40,72,60.79,-161.76,15.8,24.16
46,Otofuke,20,JP,11/14/2019 17:42,40,43.02,143.2,33.8,13.87
47,Huilong,25,CN,11/14/2019 17:42,76,31.15,106.5,55.06,2.42
48,Bealanana,100,MG,11/14/2019 17:42,95,-14.54,48.75,64.76,1.19
49,Fort Nelson,90,CA,11/14/2019 17:42,77,58.81,-122.69,6.8,2.24
50,Baruun-Urt,33,MN,11/14/2019 17:42,71,46.68,113.28,4.05,1.03
51,Victoria,75,BN,11/14/2019 17:41,94,5.28,115.24,77,2.48
52,Yellowknife,75,CA,11/14/2019 17:42,76,62.45,-114.38,-4,3.36
53,Arraial do Cabo,75,BR,11/14/2019 17:42,100,-22.97,-42.02,73.4,21.92
54,Port Elizabeth,75,US,11/14/2019 17:42,79,39.31,-74.98,46.4,3.33
55,Guerrero Negro,10,MX,11/14/2019 17:42,64,27.97,-114.04,70.88,13.02
56,Sur,0,OM,11/14/2019 17:42,40,22.57,59.53,71.69,8.37
57,San Cristobal,79,HN,11/14/2019 17:42,86,14.68,-86.92,68.38,2.35
58,Kavaratti,0,IN,11/14/2019 17:42,71,10.57,72.64,81.7,5.01
59,Katsuura,20,JP,11/14/2019 17:42,70,33.93,134.5,46.4,10.29
60,Thompson,75,CA,11/14/2019 17:42,70,55.74,-97.86,1.4,10.29
61,Ushuaia,90,AR,11/14/2019 17:39,66,-54.81,-68.31,55.4,10.29
62,Kavieng,80,PG,11/14/2019 17:42,70,-2.57,150.8,83.17,2.21
63,Pangnirtung,40,CA,11/14/2019 17:42,67,66.15,-65.72,21.2,17.22
64,Byron Bay,40,AU,11/14/2019 17:42,65,-28.65,153.62,84,8.05
65,Saint George,20,GR,11/14/2019 17:42,93,39.45,22.34,51.8,4.38
66,Iskateley,100,RU,11/14/2019 17:42,92,67.68,53.15,19.54,16.53
67,Nikolskoye,90,RU,11/14/2019 17:42,81,59.7,30.79,50,6.71
68,Pevek,100,RU,11/14/2019 17:42,61,69.7,170.27,17.78,8.59
69,Wewak,10,PG,11/14/2019 17:42,63,-3.55,143.63,85.75,0.81
70,Punta Arenas,40,CL,11/14/2019 17:42,67,-53.16,-70.91,57.2,20.8
71,Buala,90,SB,11/14/2019 17:42,71,-8.15,159.59,83.66,4.76
72,Hithadhoo,98,MV,11/14/2019 17:42,75,-0.6,73.08,82.36,8.08
73,Chokurdakh,92,RU,11/14/2019 17:42,96,70.62,147.9,-0.67,2.21
74,Kaka,100,TM,11/14/2019 17:42,70,37.35,59.62,39.11,2.19
75,Tiksi,0,RU,11/14/2019 17:42,94,71.64,128.87,-13.29,2.91
76,Meulaboh,100,ID,11/14/2019 17:42,78,4.14,96.13,81.01,3.67
77,Mahebourg,75,MU,11/14/2019 17:42,73,-20.41,57.7,75.2,9.17
78,Constitucion,20,MX,11/14/2019 17:42,32,23.99,-104.67,68,2.24
79,Cap Malheureux,75,MU,11/14/2019 17:42,73,-19.98,57.61,75.2,9.17
80,Husavik,49,CA,11/14/2019 17:42,71,50.56,-96.99,21.99,11.1
81,Yilan,43,CN,11/14/2019 17:42,29,43.11,129.52,22.87,14.2
82,Ponta do Sol,100,BR,11/14/2019 17:42,90,-20.63,-46,67.53,3.6
83,Narsaq,100,GL,11/14/2019 17:42,64,60.91,-46.05,35.6,24.16
84,Korbach,87,DE,11/14/2019 17:42,92,51.28,8.87,39.99,8.05
85,Nushki,83,PK,11/14/2019 17:42,52,29.55,66.02,55,2.75
86,Lebu,20,ET,11/14/2019 17:42,66,8.96,38.73,53.6,4.7
87,Naryan-Mar,100,RU,11/14/2019 17:42,92,67.67,53.09,19.54,16.53
88,Massaguet,29,TD,11/14/2019 17:42,47,12.48,15.44,75.2,3.36
89,Irpa Irpa,90,BO,11/14/2019 17:42,100,-17.72,-66.29,55.4,5.82
90,New Norfolk,20,AU,11/14/2019 17:42,30,-42.78,147.06,59,21.92
91,Bonthe,94,SL,11/14/2019 17:42,85,7.53,-12.5,79.25,5.79
92,Lucapa,98,AO,11/14/2019 17:42,98,-8.42,20.74,66.92,2.01
93,Souillac,96,FR,11/14/2019 17:42,100,45.6,-0.6,41,1.12
94,Itoman,20,JP,11/14/2019 17:42,60,26.12,127.67,68,13.87
95,Do Gonbadan,0,IR,11/14/2019 17:42,57,30.36,50.8,50,1.21
96,Bosaso,0,SO,11/14/2019 17:42,78,11.28,49.18,79.63,14.38
97,Clyde River,75,CA,11/14/2019 17:42,92,70.47,-68.59,14,25.28
98,Qaanaaq,68,GL,11/14/2019 17:42,54,77.48,-69.36,12.99,2.51
99,Vaini,2,IN,11/14/2019 17:42,94,15.34,74.49,64.51,5.12
100,Mahajanga,20,MG,11/14/2019 17:42,88,-15.72,46.32,78.8,6.93
101,Horsham,100,AU,11/14/2019 17:42,62,-36.71,142.2,57.45,11.27
102,Barrow,62,AR,11/14/2019 17:42,62,-38.31,-60.23,56.79,5.08
103,Agadir,85,MA,11/14/2019 17:42,100,30.42,-9.58,51.8,3.36
104,Jiuquan,79,CN,11/14/2019 17:42,27,39.73,98.49,28.51,0.81
105,Kruisfontein,0,ZA,11/14/2019 17:42,82,-34,24.73,57.51,4.29
106,Kaitangata,32,NZ,11/14/2019 17:42,75,-46.28,169.85,57.99,11.99
107,Zyryanka,93,RU,11/14/2019 17:42,98,65.73,150.89,-4.52,7.67
108,Aanekoski,90,FI,11/14/2019 17:42,93,62.6,25.73,36,11.41
109,Atotonilco el Alto,47,MX,11/14/2019 17:42,67,20.55,-102.51,64.94,2.39
110,Lorengau,83,PG,11/14/2019 17:42,68,-2.02,147.27,83.75,4.18
111,Barreirinha,100,BR,11/14/2019 17:42,95,-2.8,-57.07,75.29,1.9
112,Sinnamary,5,GF,11/14/2019 17:42,77,5.38,-52.96,82.31,11.61
113,Sarangani,10,PH,11/14/2019 17:42,78,5.4,125.46,82.92,14.58
114,Balkanabat,0,TM,11/14/2019 17:42,67,39.51,54.36,38.44,4.32
115,Chapleau,90,CA,11/14/2019 17:42,92,47.85,-83.4,24.8,10.29
116,Esperance,90,AU,11/14/2019 17:40,72,-33.86,121.89,60.8,12.75
117,Kahului,40,US,11/14/2019 17:42,48,20.89,-156.47,87.8,9.17
118,Patnagarh,0,IN,11/14/2019 17:42,74,20.71,83.13,62.38,2.1
119,Turukhansk,90,RU,11/14/2019 17:42,93,65.8,87.96,-18.99,4.97
120,Newton,75,US,11/14/2019 17:42,80,42.34,-71.21,39.2,6.93
121,Mount Isa,26,AU,11/14/2019 17:42,9,-20.73,139.49,84.2,13.87
122,Severo-Kurilsk,97,RU,11/14/2019 17:42,87,50.68,156.12,28.98,9.04
123,Curup,99,ID,11/14/2019 17:42,93,-3.47,102.53,69.37,4.5
124,Chifeng,17,CN,11/14/2019 17:42,66,42.27,118.96,20.25,3.78
125,Plettenberg Bay,0,ZA,11/14/2019 17:42,78,-34.05,23.37,62.55,2.93
126,Neiafu,20,TO,11/14/2019 17:42,61,-18.65,-173.98,82.4,5.82
127,Beaverlodge,90,CA,11/14/2019 17:42,100,55.21,-119.43,24.8,2.24
128,Salalah,20,OM,11/14/2019 17:42,65,17.01,54.1,78.8,2.24
129,Georgetown,75,GY,11/14/2019 17:39,79,6.8,-58.16,84.2,11.41
130,Tuatapere,87,NZ,11/14/2019 17:42,49,-46.13,167.69,64,13
131,Kachug,40,RU,11/14/2019 17:42,93,53.96,105.89,-3.24,1.95
132,Goure,93,NE,11/14/2019 17:42,17,13.98,10.27,73.99,11.99
133,Atar,88,MR,11/14/2019 17:42,13,20.52,-13.05,72.45,1.61
134,Iralaya,75,HN,11/14/2019 17:42,94,15,-83.23,77,8.5
135,Biak,31,ID,11/14/2019 17:42,63,-0.91,122.88,80.62,5.08
136,Cabo San Lucas,75,MX,11/14/2019 17:42,65,22.89,-109.91,80.6,0.85
137,Namatanai,100,PG,11/14/2019 17:42,71,-3.66,152.44,83.28,2.64
138,Seoul,75,KR,11/14/2019 17:39,100,37.57,126.98,46.4,2.24
139,Karatau,100,KZ,11/14/2019 17:42,52,43.18,70.46,28.99,3.85
140,Varnamo,90,SE,11/14/2019 17:42,100,57.19,14.04,35.6,9.48
141,Takoradi,95,GH,11/14/2019 17:42,83,4.89,-1.75,78.89,6.2
142,Sambava,87,MG,11/14/2019 17:42,98,-14.27,50.17,72.25,0.58
143,Lasa,20,CY,11/14/2019 17:42,77,34.92,32.53,71.6,2.24
144,Egvekinot,46,RU,11/14/2019 17:42,91,66.32,-179.17,9.81,12.82
145,Beyneu,0,KZ,11/14/2019 17:42,80,45.32,55.19,34.88,13.51
146,Dikson,95,RU,11/14/2019 17:42,95,73.51,80.55,1.94,11.92
147,Tasiilaq,100,GL,11/14/2019 17:42,98,65.61,-37.64,32.16,15.97
148,Puerto Ayora,75,EC,11/14/2019 17:42,69,-0.74,-90.35,75.2,6.93
149,Bandarbeyla,23,SO,11/14/2019 17:42,77,9.49,50.81,79.36,15.26
150,Namibe,32,AO,11/14/2019 17:42,76,-15.19,12.15,72.3,13.2
151,Brae,6,GB,11/14/2019 17:42,86,60.4,-1.35,39.2,3.36
152,La Palma,81,CO,11/14/2019 17:42,97,5.36,-74.39,69.85,3.02
153,Paamiut,98,GL,11/14/2019 17:42,72,61.99,-49.67,33.33,35.57
154,Omsukchan,100,RU,11/14/2019 17:42,98,62.53,155.8,4.19,3
155,Aitape,0,PG,11/14/2019 17:42,76,-3.15,142.36,81.59,4.74
156,Monrovia,75,LR,11/14/2019 17:42,94,6.33,-10.8,77,5.95
157,West Wendover,1,US,11/14/2019 17:42,49,40.74,-114.07,46.4,2.75
158,Psebay,0,RU,11/14/2019 17:42,24,44.12,40.81,46.89,5.73
159,Nioro,90,GM,11/14/2019 17:42,34,13.79,-15.05,78.78,7.81
160,Puerto Ayacucho,82,CO,11/14/2019 17:42,91,5.66,-67.63,76.48,2.44
161,Santa Ines,40,EC,11/14/2019 17:42,71,-0.82,-78.63,55.4,10.29
162,Saint-Philippe,90,CA,11/14/2019 17:42,74,45.36,-73.48,30,12.75
163,Vardo,90,US,11/14/2019 17:42,59,39.62,-77.74,37.4,4.81
164,Teknaf,0,BD,11/14/2019 17:42,92,20.86,92.31,69.64,1.97
165,Selaphum,20,TH,11/14/2019 17:42,78,16.03,103.94,71.6,10.29
166,Chumphon,90,TH,11/14/2019 17:43,100,10.5,99.18,77,8.05
167,Tura,100,RU,11/14/2019 17:43,98,64.27,100.22,-18.26,2.64
168,Shitanjing,0,CN,11/14/2019 17:43,25,39.23,106.34,35.28,3.6
169,Geraldton,90,CA,11/14/2019 17:43,85,49.72,-86.95,15.8,9.17
170,Tazovskiy,0,RU,11/14/2019 17:43,93,67.47,78.7,-16.65,3.09
171,Cidreira,61,BR,11/14/2019 17:43,89,-30.17,-50.22,70.63,17.85
172,Vanavara,29,RU,11/14/2019 17:43,93,60.35,102.28,-24.81,4.34
173,Kazanka,35,UA,11/14/2019 17:43,86,47.83,32.83,39.2,13.42
174,Ulverstone,17,AU,11/14/2019 17:43,41,-41.16,146.17,60.01,5.99
175,Tual,100,ID,11/14/2019 17:43,65,-5.67,132.75,81.55,3.09
176,Anadyr,71,RU,11/14/2019 17:43,72,64.73,177.51,17.6,6.71
177,Sitka,0,US,11/14/2019 17:43,46,37.17,-99.65,50,3.31
178,Panjab,94,AF,11/14/2019 17:43,95,34.38,67.02,21.13,1.32
179,Angoche,97,MZ,11/14/2019 17:43,79,-16.23,39.91,79.43,8.08
180,Coihaique,75,CL,11/14/2019 17:43,63,-45.58,-72.07,60.8,4.7
181,Ust-Tsilma,100,RU,11/14/2019 17:43,96,65.44,52.15,29.93,8.41
182,Comodoro Rivadavia,34,AR,11/14/2019 17:41,36,-45.87,-67.48,77,12.75
183,Yulara,0,AU,11/14/2019 17:43,6,-25.24,130.99,80.6,13.87
184,Chapada dos Guimaraes,75,BR,11/14/2019 17:43,69,-15.46,-55.75,78.8,13.87
185,Coquimbo,75,CL,11/14/2019 17:43,87,-29.95,-71.34,59,9.17
186,Winnemucca,1,US,11/14/2019 17:43,20,40.97,-117.74,64.4,4.7
187,Fairbanks,90,US,11/14/2019 17:40,77,64.84,-147.72,8.6,20.8
188,Saskylakh,100,RU,11/14/2019 17:43,96,71.97,114.09,-8.97,13.85
189,Okhotsk,100,RU,11/14/2019 17:43,76,59.36,143.24,25.38,18.32
190,Elko,1,US,11/14/2019 17:43,21,40.83,-115.76,60.8,2.04
191,Glen Allen,90,US,11/14/2019 17:43,75,37.67,-77.51,44.01,3.62
192,Rovaniemi,75,FI,11/14/2019 17:43,92,66.5,25.72,26.6,8.05
193,Robertsport,86,LR,11/14/2019 17:43,78,6.75,-11.37,81.95,12.57
194,Provideniya,90,RU,11/14/2019 17:43,68,64.42,-173.23,24.8,26.84
195,Grand Gaube,75,MU,11/14/2019 17:43,73,-20.01,57.66,75.2,9.17
196,Bom Jesus,5,BR,11/14/2019 17:43,34,-9.08,-44.36,77.47,1.66
197,Lingao,36,CN,11/14/2019 17:43,79,19.91,109.69,74.23,13.65
198,Kununurra,72,AU,11/14/2019 17:43,74,-15.77,128.74,84.2,1.12
199,Kichera,84,RU,11/14/2019 17:43,75,55.93,110.1,-14.03,7.23
200,Strezhevoy,20,RU,11/14/2019 17:43,76,60.73,77.6,-11.2,4.47
201,Saint-Pierre,100,FR,11/14/2019 17:43,100,48.95,4.24,41,11.41
202,Kieta,98,PG,11/14/2019 17:43,70,-6.22,155.63,82.6,3.24
203,Saint-Augustin,90,CA,11/14/2019 17:43,86,45.63,-73.98,30,6.93
204,Manoel Urbano,100,BR,11/14/2019 17:43,95,-8.84,-69.26,74.53,3.58
205,Awjilah,0,LY,11/14/2019 17:43,29,29.14,21.3,56.82,6.22
206,Ostrovnoy,100,RU,11/14/2019 17:43,97,68.05,39.51,35.87,17.67
207,Sabang,100,PH,11/14/2019 17:43,83,13.8,121.11,79,3
208,Carutapera,36,BR,11/14/2019 17:43,79,-1.2,-46.02,81.03,18.07
209,Hilo,1,US,11/14/2019 17:43,55,19.71,-155.08,86,11.41
210,Kapaa,1,US,11/14/2019 17:38,69,22.08,-159.32,84.2,8.05
211,Pascagoula,90,US,11/14/2019 17:43,93,30.37,-88.56,48.2,4.7
212,Klaksvik,52,FO,11/14/2019 17:43,86,62.23,-6.59,33.8,9.17
213,Mao,40,DO,11/14/2019 17:41,69,19.55,-71.08,82.4,8.05
214,Bubaque,74,GW,11/14/2019 17:43,76,11.28,-15.83,82.51,14.74
215,Nagapattinam,69,IN,11/14/2019 17:43,74,10.76,79.84,82.09,7.81
216,Tuktoyaktuk,75,CA,11/14/2019 17:43,83,69.44,-133.03,-7.6,5.82
217,Santa Rosa,84,AR,11/14/2019 17:43,17,-36.62,-64.29,74.57,6.89
218,Espanola,99,CA,11/14/2019 17:43,87,46.27,-81.77,32,4
219,Avarua,0,CK,11/14/2019 17:43,74,-21.21,-159.78,80.6,17.22
220,Tecate,1,US,11/14/2019 17:40,63,32.57,-116.63,73.4,8.05
221,Saint Anthony,1,US,11/14/2019 17:43,40,43.97,-111.68,53.6,3.36
222,Tamandare,84,BR,11/14/2019 17:43,77,-8.28,-70.75,77.45,2.46
223,Ribeira Grande,63,PT,11/14/2019 17:43,75,38.52,-28.7,60.17,8.12
224,Arman,93,RU,11/14/2019 17:43,71,59.7,150.17,32.22,43.6
225,Merauke,60,ID,11/14/2019 17:43,55,-8.49,140.4,88.75,5.1
226,Tornio,75,FI,11/14/2019 17:43,80,61.12,27.27,41,12.75
227,Sosnovo-Ozerskoye,71,RU,11/14/2019 17:43,96,52.53,111.54,-0.67,8.48
228,Ukiah,55,US,11/14/2019 17:38,73,39.15,-123.21,59,4.5
229,Tashtagol,100,RU,11/14/2019 17:43,97,52.76,87.85,-1.89,2.66
230,Loncoche,90,CL,11/14/2019 17:43,93,-39.37,-72.63,62.6,4.7
231,La Ronge,75,CA,11/14/2019 17:43,66,55.1,-105.3,12.2,6.93
232,Ulaangom,97,MN,11/14/2019 17:43,88,49.98,92.07,10.47,2.44
233,Evensk,96,RU,11/14/2019 17:43,80,61.92,159.24,22.06,15.48
234,Linhares,95,BR,11/14/2019 17:43,94,-19.38,-40.06,72.95,3.18
235,Grand Island,1,US,11/14/2019 17:38,60,40.92,-98.34,51.8,3.36
236,Kerema,77,PG,11/14/2019 17:43,76,-7.96,145.78,82.26,3.42
237,Trelew,33,AR,11/14/2019 17:43,17,-43.25,-65.31,73.35,13.31
238,Hamilton,90,CA,11/14/2019 17:43,74,43.26,-79.87,34,10.29
239,Portland,90,US,11/14/2019 17:40,70,43.66,-70.25,37.99,27.18
240,Adre,57,TD,11/14/2019 17:43,16,13.47,22.2,73.42,9.24
241,Waitati,26,NZ,11/14/2019 17:43,72,-45.75,170.57,55.99,15.99
242,Jiaocheng,60,CN,11/14/2019 17:43,54,24.68,116.14,60.1,1.74
243,Yemtsa,100,RU,11/14/2019 17:43,95,63.06,40.33,37.8,9.75
244,Kirakira,95,SB,11/14/2019 17:43,72,-10.46,161.92,83.79,7.16
245,East London,88,ZA,11/14/2019 17:43,88,-33.02,27.91,67.39,10.13
246,Hobyo,67,SO,11/14/2019 17:43,82,5.35,48.53,78.39,11.32
247,Qaqortoq,100,GL,11/14/2019 17:43,64,60.72,-46.03,35.6,24.16
248,Almaznyy,0,RU,11/14/2019 17:43,80,48.03,40.04,39.2,24.61
249,Pisco,90,PE,11/14/2019 17:43,30,-13.71,-76.2,71.6,11.41
250,Lazarev,100,RU,11/14/2019 17:43,94,52.23,141.51,6.51,27.85
251,Haicheng,0,CN,11/14/2019 17:43,29,40.85,122.74,27.52,12.82
252,Buin,0,CL,11/14/2019 17:43,26,-33.73,-70.74,80.6,16.11
253,Touros,20,BR,11/14/2019 17:43,74,-5.2,-35.46,78.8,11.41
254,Baghdad,0,IQ,11/14/2019 17:43,59,33.3,44.38,62.6,3.36
255,Baculin,0,PH,11/14/2019 17:43,67,7.45,126.58,81.91,2.17
256,Quatre Cocos,75,MU,11/14/2019 17:43,73,-20.21,57.76,75.2,9.17
257,Kiunga,100,PG,11/14/2019 17:43,99,-6.12,141.3,72.86,1.3
258,Alofi,40,NU,11/14/2019 17:43,69,-19.06,-169.92,82.4,8.05
259,Polovinnoye,98,RU,11/14/2019 17:43,81,54.79,65.99,12.36,1.74
260,Viedma,93,AR,11/14/2019 17:43,45,-40.81,-62.99,60.94,9.35
261,Lamar,1,US,11/14/2019 17:43,35,38.09,-102.62,55.4,6.93
262,Windsor,90,US,11/14/2019 17:41,94,42.3,-83.03,33.8,5.82
263,Vallenar,0,CL,11/14/2019 17:43,74,-28.58,-70.76,59.07,2.77
264,The Valley,20,AI,11/14/2019 17:43,74,18.22,-63.06,82,5.82
265,Kenai,90,US,11/14/2019 17:43,87,60.55,-151.26,35.01,5.82
266,Scottsbluff,1,US,11/14/2019 17:41,37,41.87,-103.67,53.6,5.82
267,Kharp,100,RU,11/14/2019 17:43,100,66.82,65.8,-10.66,7.56
268,Padang,100,ID,11/14/2019 17:43,92,-0.92,100.36,69.19,4.5
269,Mehamn,98,NO,11/14/2019 17:43,92,71.03,27.85,33.08,14.47
270,Kropotkin,0,RU,11/14/2019 17:43,52,45.43,40.58,46.42,21.05
271,Port Hueneme,75,US,11/14/2019 17:43,63,34.15,-119.2,70,11.41
272,Huarmey,26,PE,11/14/2019 17:43,81,-10.07,-78.15,63.41,3.4
273,Anchorage,75,US,11/14/2019 17:43,80,61.22,-149.89,37.4,4.7
274,Menongue,100,AO,11/14/2019 17:43,92,-14.66,17.68,64.78,6.93
275,Wencheng,0,CN,11/14/2019 17:43,78,27.79,120.09,49.73,2.15
276,Havre-Saint-Pierre,90,CA,11/14/2019 17:43,63,50.23,-63.6,26.6,12.75
277,Jalu,0,LY,11/14/2019 17:43,29,29.03,21.55,56.82,6.22
278,Lavrentiya,5,RU,11/14/2019 17:43,73,65.58,-170.99,23.61,39.17
279,Nouakchott,100,MR,11/14/2019 17:43,31,18.08,-15.98,77,10.29
280,Olinda,75,AU,11/14/2019 17:43,59,-37.84,145.39,61,14.99
281,Mount Gambier,75,AU,11/14/2019 17:43,93,-37.83,140.78,55.4,16.11
282,Hambantota,100,LK,11/14/2019 17:43,81,6.12,81.12,80.17,13.42
283,Matsuura,0,JP,11/14/2019 17:43,76,33.33,129.72,55.4,3.36
284,Sao Filipe,100,CV,11/14/2019 17:43,83,14.9,-24.5,72.82,12.66
285,Lososina,0,RU,11/14/2019 17:43,45,49,140.31,12.34,9.57
286,Jarva-Jaani,95,EE,11/14/2019 17:43,95,59.04,25.89,39.56,4.52
287,Sokolac,41,BA,11/14/2019 17:43,100,43.94,18.8,50,2.24
288,Copiapo,90,CL,11/14/2019 17:43,77,-27.37,-70.33,60.8,9.17
289,Tautira,20,PF,11/14/2019 17:43,58,-17.73,-149.15,86,8.05
290,Douglas,90,US,11/14/2019 17:43,93,58.28,-134.39,48.2,11.41
291,Omagari,75,JP,11/14/2019 17:43,74,39.45,140.48,39.99,4.7
292,Nome,90,US,11/14/2019 17:43,93,30.04,-94.42,46.99,5.82
293,Poum,58,MK,11/14/2019 17:43,94,41.28,20.71,42.66,1.48
294,Seryshevo,27,RU,11/14/2019 17:43,75,51.09,128.38,-7.33,14.38
295,Darnah,8,LY,11/14/2019 17:43,66,32.77,22.64,68.83,13.87
296,Luanda,75,AO,11/14/2019 17:43,88,-8.83,13.24,80.6,9.17
297,College,90,US,11/14/2019 17:43,77,64.86,-147.8,10.4,20.8
298,Bridlington,100,GB,11/14/2019 17:43,100,54.08,-0.19,45,8.05
299,Carnarvon,0,ZA,11/14/2019 17:43,51,-30.97,22.13,59.14,14.25
300,Izumo,20,JP,11/14/2019 17:43,86,35.37,132.75,44.6,8.05
301,Kamen-na-Obi,14,RU,11/14/2019 17:43,89,53.79,81.35,0.39,6.91
302,Siocon,100,PH,11/14/2019 17:43,86,11.03,124.04,78.48,9.71
303,Bacalar,40,MX,11/14/2019 17:43,70,18.68,-88.39,84.2,0.89
304,Airai,2,TL,11/14/2019 17:43,28,-8.93,125.41,81.95,6.06
305,Viransehir,80,TR,11/14/2019 17:43,32,37.24,39.76,60.24,5.46
306,Valle Nacional,0,MX,11/14/2019 17:43,43,25.06,-104.49,61.48,6.78
307,Alcudia,76,ES,11/14/2019 17:43,93,39.85,3.12,50,6.93
308,Cherskiy,100,RU,11/14/2019 17:43,78,68.75,161.3,18.59,3.36
309,Bathsheba,20,BB,11/14/2019 17:43,83,13.22,-59.52,80.6,10.29
310,Faanui,25,PF,11/14/2019 17:43,77,-16.48,-151.75,79.97,16.69
311,Huaicheng,74,CN,11/14/2019 17:43,53,23.91,112.19,61.83,1.28
312,Kang,64,BW,11/14/2019 17:43,15,-23.67,22.79,72.88,6.2
313,Karratha,0,AU,11/14/2019 17:43,47,-20.74,116.85,83.14,11.52
314,La Carlota,100,PH,11/14/2019 17:43,94,10.43,122.92,76.26,3.13
315,Bulungu,100,CD,11/14/2019 17:43,89,-4.54,18.6,71.26,1.39
316,Shugurovo,54,RU,11/14/2019 17:43,93,54.51,52.13,28.06,6.76
317,Pandan,100,PH,11/14/2019 17:43,83,11.72,122.09,80.15,10.49
318,Joao Neiva,75,BR,11/14/2019 17:43,88,-19.76,-40.39,78.01,9.17
319,Kingston,40,JM,11/14/2019 17:41,65,17.97,-76.79,82.4,11.41
320,Mollendo,99,PE,11/14/2019 17:43,87,-17.03,-72.02,61.16,3.42
321,Norman Wells,90,CA,11/14/2019 17:43,70,65.28,-126.83,-0.4,16.11
322,Wisconsin Rapids,1,US,11/14/2019 17:43,73,44.39,-89.82,27,5.82
323,Port Blair,71,IN,11/14/2019 17:43,72,11.67,92.75,82.69,4.88
324,Vila Velha,0,BR,11/14/2019 17:43,74,-3.71,-38.6,80.6,8.05
325,Kangaatsiaq,100,GL,11/14/2019 17:43,77,68.31,-53.46,35.98,7.2
326,Hirara,40,JP,11/14/2019 17:43,60,24.8,125.28,71.6,14.99
327,Moa,20,CU,11/14/2019 17:43,98,20.66,-74.95,70.09,2.42
328,Uyskoye,50,RU,11/14/2019 17:43,91,54.37,60.01,10,4.94
329,Parkes,0,AU,11/14/2019 17:43,12,-33.14,148.18,82.99,1.01
330,Mayo,90,CA,11/14/2019 17:43,85,63.59,-135.9,10.4,14.99
331,Saint-Junien,90,FR,11/14/2019 17:43,100,45.89,0.9,41,2.24
332,Tulum,75,MX,11/14/2019 17:43,88,20.21,-87.46,80.6,5.82
333,Illapel,0,CL,11/14/2019 17:43,70,-31.63,-71.17,57.54,2.64
334,Nuuk,93,GL,11/14/2019 17:39,100,64.17,-51.74,30.2,3.36
335,Kadhan,36,PK,11/14/2019 17:43,79,24.48,68.99,72.25,8.48
336,Sibolga,100,ID,11/14/2019 17:43,95,1.74,98.78,72.16,2.77
337,Boshan,0,CN,11/14/2019 17:43,54,36.48,117.83,51.01,1.92
338,Nisia Floresta,20,BR,11/14/2019 17:43,78,-6.09,-35.21,78.8,11.41
339,Alice Springs,0,AU,11/14/2019 17:43,9,-23.7,133.88,78.8,6.93
340,Erenhot,0,CN,11/14/2019 17:43,42,43.65,111.97,28.31,6.58
341,San Juan,0,AR,11/14/2019 17:43,28,-31.54,-68.53,84.47,11.95
342,Honiara,75,SB,11/14/2019 17:42,79,-9.43,159.96,86,6.93
343,Ubinskoye,17,RU,11/14/2019 17:43,96,55.31,79.68,-2.15,8.48
344,Orzhytsya,0,UA,11/14/2019 17:43,63,49.79,32.7,40.59,12.33
345,Yumen,68,CN,11/14/2019 17:43,46,40.29,97.04,27.03,9.95
346,Porto Torres,20,IT,11/14/2019 17:43,93,40.84,8.4,57.2,19.46
347,Iqaluit,90,CA,11/14/2019 17:43,78,63.75,-68.52,17.6,23.04
348,Hasaki,75,JP,11/14/2019 17:43,66,35.73,140.83,53.6,6.93
349,Buta,34,CD,11/14/2019 17:43,98,2.79,24.73,69.13,1.97
350,Kargasok,66,RU,11/14/2019 17:43,93,59.06,80.87,-11.09,11.01
351,Borogontsy,100,RU,11/14/2019 17:43,96,62.67,131.17,-10.44,7.02
352,Ilulissat,100,GL,11/14/2019 17:43,41,69.22,-51.1,42.8,35.57
353,Aripuana,100,BR,11/14/2019 17:43,99,-9.17,-60.63,73.08,2.64
354,Paka,100,CF,11/14/2019 17:43,81,4.15,15.03,72.01,1.83
355,Cariati,0,IT,11/14/2019 17:43,99,39.5,16.95,48.99,4.18
356,Palmer,75,AU,11/14/2019 17:43,55,-34.85,139.16,64,14.99
357,Bafra,12,TR,11/14/2019 17:43,87,41.57,35.91,48.2,1.12
358,Khrisokhorafa,49,GR,11/14/2019 17:43,81,41.18,23.23,61,3.2
359,Lompoc,1,US,11/14/2019 17:43,72,34.64,-120.46,64.4,12.75
360,Taoudenni,0,ML,11/14/2019 17:43,26,22.68,-3.98,67.8,6.08
361,Hofn,0,IS,11/14/2019 17:43,55,64.25,-15.21,36.79,3.67
362,Dingle,100,PH,11/14/2019 17:43,97,11,122.67,75.22,1.95
363,Misratah,0,LY,11/14/2019 17:43,48,32.38,15.09,69.15,13.22
364,Tupik,0,RU,11/14/2019 17:43,90,54.43,119.94,-29.72,2.93
365,Pilar,0,AR,11/14/2019 17:43,28,-34.46,-58.91,80.6,4.7
366,Kutum,100,SD,11/14/2019 17:43,21,14.2,24.66,70.11,2.77
367,Springbok,0,ZA,11/14/2019 17:43,42,-29.67,17.88,60.4,7.54
368,Beringovskiy,85,RU,11/14/2019 17:43,73,63.05,179.32,27.72,30.65
369,Kautokeino,0,NO,11/14/2019 17:43,85,69.01,23.04,13.57,2.64
370,Rosario,5,UY,11/14/2019 17:43,73,-34.31,-57.35,71.6,8.05
371,Kayes,61,ML,11/14/2019 17:43,18,14.44,-11.44,79.95,4.7
372,Richards Bay,70,ZA,11/14/2019 17:43,82,-28.77,32.06,68.58,8.77
373,Vostok,90,RU,11/14/2019 17:43,51,46.45,135.83,4.59,20.4
374,Nchelenge,86,ZM,11/14/2019 17:43,82,-9.35,28.74,68.59,3.96
375,Sechura,23,PE,11/14/2019 17:43,88,-5.56,-80.82,66.2,12.35
376,Kilindoni,9,TZ,11/14/2019 17:43,76,-7.91,39.67,81.37,8.25
377,Kudahuvadhoo,100,MV,11/14/2019 17:43,74,2.67,72.89,82.53,7.65
378,Tres Arroyos,68,AR,11/14/2019 17:43,53,-38.38,-60.28,57.42,6.51
379,Labuhan,87,ID,11/14/2019 17:43,82,-2.54,115.51,78.19,1.43
380,Berlevag,100,NO,11/14/2019 17:43,94,70.86,29.09,37.11,18.23
381,Skjervoy,92,NO,11/14/2019 17:43,72,70.03,20.97,38.16,12.59
382,Talnakh,40,RU,11/14/2019 17:43,75,69.49,88.39,-18.4,2.24
383,Margate,20,AU,11/14/2019 17:43,30,-43.03,147.26,59,21.92
384,Henderson,1,US,11/14/2019 17:41,13,36.04,-114.98,73.4,8.05
385,Hokitika,36,NZ,11/14/2019 17:43,63,-42.72,170.96,54.41,9.57
386,Saldanha,71,PT,11/14/2019 17:43,83,41.42,-6.55,37.35,13.31
387,Noumea,1,NC,11/14/2019 17:43,39,-22.28,166.46,84.2,12.75
388,Mikuni,75,JP,11/14/2019 17:43,87,36.22,136.15,46.4,4.7
389,Pathein,5,MM,11/14/2019 17:42,80,16.78,94.73,76.53,9.33
390,Morehead,20,US,11/14/2019 17:43,41,38.18,-83.43,44.6,2.53
391,Matias Barbosa,100,BR,11/14/2019 17:43,98,-21.87,-43.32,68.31,5.14
392,Villafranca de los Barros,67,ES,11/14/2019 17:43,79,38.56,-6.34,44.01,8.99
393,Ancud,90,CL,11/14/2019 17:43,100,-41.87,-73.83,55.4,11.41
394,Porto Walter,98,BR,11/14/2019 17:43,90,-8.27,-72.74,76.32,3.53
395,Almenara,97,BR,11/14/2019 17:43,83,-16.17,-40.69,71.31,4.25
396,Chingirlau,12,KZ,11/14/2019 17:43,75,51.09,54.08,27.63,6.04
397,Coahuayana,51,MX,11/14/2019 17:43,70,18.62,-100.35,75.13,1.5
398,Athabasca,100,CA,11/14/2019 17:43,96,54.72,-113.29,27.9,11.07
399,Adrar,100,DZ,11/14/2019 17:43,25,27.87,-0.29,66.2,14.99
400,Sassandra,69,CI,11/14/2019 17:43,86,4.95,-6.09,77.54,2.39
401,Haines Junction,83,CA,11/14/2019 17:43,96,60.75,-137.51,24.57,8.9
402,Half Moon Bay,90,US,11/14/2019 17:43,77,37.46,-122.43,64.4,9.17
403,Dunedin,26,NZ,11/14/2019 17:43,72,-45.87,170.5,55.99,15.99
404,Remetea,100,RO,11/14/2019 17:43,100,46.74,22.35,52,1.86
405,Ust-Omchug,97,RU,11/14/2019 17:43,96,61.13,149.63,0.68,9.51
406,Northam,5,AU,11/14/2019 17:43,35,-31.65,116.67,73.4,11.41
407,Xuanhua,15,CN,11/14/2019 17:43,51,40.61,115.04,32.27,1.72
408,Innisfail,29,AU,11/14/2019 17:43,49,-17.52,146.03,82.99,1.99
409,Cockburn Town,8,TC,11/14/2019 17:41,74,21.46,-71.14,81.99,12.48
410,Grindavik,100,IS,11/14/2019 17:43,80,63.84,-22.43,35.6,17.22
411,Singapore,75,MY,11/14/2019 17:38,88,1.29,103.85,80.6,2.24
412,Leeuwarden,90,NL,11/14/2019 17:39,86,53.2,5.79,43,8.05
413,Koumra,95,TD,11/14/2019 17:43,40,8.92,17.55,77.4,0.47
414,Vao,95,EE,11/14/2019 17:43,95,59.1,26.19,39.56,4.52
415,Klamath Falls,90,US,11/14/2019 17:43,43,42.22,-121.78,60.01,6.93
416,Riyadh,0,SA,11/14/2019 17:43,45,24.63,46.72,66.2,5.82
417,Talcahuano,75,CL,11/14/2019 17:43,87,-36.72,-73.12,60.8,9.17
418,Pueblo Nuevo,20,AR,11/14/2019 17:43,35,-32.93,-68.73,84.2,2.24
419,Harper,90,US,11/14/2019 17:43,75,30.3,-99.24,48,3.36
420,Namie,20,JP,11/14/2019 17:43,86,37.52,140.86,50,3.36
421,Qinzhou,37,CN,11/14/2019 17:43,58,21.96,108.62,64.58,1.99
422,Ofaqim,10,IL,11/14/2019 17:43,58,31.31,34.62,70,1.01
423,Sterling,1,US,11/14/2019 17:42,55,39,-77.4,37.4,4.52
424,Koppies,0,ZA,11/14/2019 17:43,62,-27.24,27.57,56.75,10.11
425,Basco,1,US,11/14/2019 17:43,68,40.33,-91.2,30.99,3.36
426,Oxford,90,US,11/14/2019 17:42,75,33.61,-85.83,45,4.7
427,Opuwo,94,NA,11/14/2019 17:43,20,-18.06,13.84,72.03,4.21
428,San Isidro,75,CR,11/14/2019 17:43,94,10.02,-84.06,69.8,4.7
429,Acapulco,75,MX,11/14/2019 17:39,78,16.86,-99.88,82.4,4.7
430,Leshukonskoye,100,RU,11/14/2019 17:43,98,64.9,45.76,34.25,7.18
431,Soyo,98,AO,11/14/2019 17:43,88,-6.13,12.37,78.66,4.27
432,Bayir,40,TR,11/14/2019 17:43,87,37.27,28.22,57.2,4.7
433,Hay River,75,CA,11/14/2019 17:43,84,60.82,-115.79,1.4,3.36
434,Owatonna,1,US,11/14/2019 17:43,73,44.08,-93.23,30,9.17
435,Melioratorov,100,RU,11/14/2019 17:43,84,57.21,65.61,5,4.47
436,Petropavlovsk-Kamchatskiy,90,RU,11/14/2019 17:43,93,53.05,158.65,35.6,13.42
437,Wundanyi,94,KE,11/14/2019 17:43,88,-3.4,38.37,69.8,1.81
438,Te Anau,99,NZ,11/14/2019 17:43,85,-45.41,167.72,44.96,9.95
439,Hammerfest,75,NO,11/14/2019 17:43,98,70.66,23.68,33.8,14.99
440,Ranong,20,TH,11/14/2019 17:43,88,9.96,98.62,78.8,4.7
441,Bobcaygeon,90,CA,11/14/2019 17:43,86,44.54,-78.55,32,4.7
442,Mashhad,62,IR,11/14/2019 17:42,37,36.3,59.61,37.4,4.7
443,San Jeronimo,82,PE,11/14/2019 17:43,96,-13.65,-73.37,53.08,5.5
444,Abbeville,93,FR,11/14/2019 17:43,93,50.11,1.83,39.2,8.05
445,Contamana,67,PE,11/14/2019 17:43,59,-7.35,-75.01,84.7,4.12
446,Wanaka,44,NZ,11/14/2019 17:43,43,-44.7,169.14,59,11.99
447,Kindu,86,CD,11/14/2019 17:43,98,-2.95,25.92,68.49,1.54
448,Veliki Preslav,83,BG,11/14/2019 17:43,87,43.16,26.81,54.93,10.2
449,Noyabrsk,66,RU,11/14/2019 17:43,100,63.2,75.45,-16.15,4.09
450,Voyvozh,100,RU,11/14/2019 17:43,93,62.89,54.96,25.36,8.52
451,Najran,0,SA,11/14/2019 17:43,41,17.54,44.22,60.8,0.4
452,Auki,14,NG,11/14/2019 17:43,24,12.18,6.51,76.53,5.77
453,Dobryanka,90,RU,11/14/2019 17:43,92,58.45,56.42,21.2,6.71
454,Antalaha,36,MG,11/14/2019 17:43,81,-14.9,50.28,79.29,8.28
455,Lovington,5,US,11/14/2019 17:43,40,32.94,-103.35,51.8,10.29
456,Marsa Matruh,4,EG,11/14/2019 17:43,69,31.35,27.25,70.72,14.54
457,Khandyga,94,RU,11/14/2019 17:43,98,62.65,135.58,-10.61,3.49
458,Port Macquarie,90,AU,11/14/2019 17:43,34,-31.43,152.91,84,4.7
459,Sola,98,TZ,11/14/2019 17:43,85,-3.17,33.8,65.93,5.37
460,Kloulklubed,40,PW,11/14/2019 17:43,79,7.04,134.26,84.2,4.7
461,Leua,97,AO,11/14/2019 17:43,89,-11.65,20.45,66.51,5.01
462,Pokhara,36,NP,11/14/2019 17:43,75,28.21,83.99,59.36,3
463,Barcelos,98,BR,11/14/2019 17:43,95,-0.97,-62.93,75.25,0.49
464,Ikalamavony,100,MG,11/14/2019 17:43,57,-21.17,46.6,72.57,2.84
465,Flinders,0,AU,11/14/2019 17:43,22,-34.58,150.85,80.01,21.92
466,Inirida,53,CO,11/14/2019 17:43,91,3.87,-67.92,77.13,2.8
467,Lata,100,IN,11/14/2019 17:43,86,30.78,78.62,27.21,3.38
468,Quilpue,0,CL,11/14/2019 17:43,41,-33.05,-71.45,75.2,4.7
469,Hailar,17,CN,11/14/2019 17:43,87,49.2,119.7,1.69,7.72
470,Belyy Yar,75,RU,11/14/2019 17:43,84,53.6,91.39,1.4,5.23
471,Isangel,84,VU,11/14/2019 17:43,76,-19.55,169.27,73.72,15.46
472,Sanary-sur-Mer,99,FR,11/14/2019 17:43,76,43.12,5.8,50,4.7
473,Hobe Sound,75,US,11/14/2019 17:41,100,27.06,-80.14,77,11.41
474,Luderitz,0,NA,11/14/2019 17:43,77,-26.65,15.16,59,17.22
475,Erdaojiang,83,CN,11/14/2019 17:43,78,41.78,126.03,18.54,2.55
476,Broome,90,GB,11/14/2019 17:43,93,52.47,1.45,41,2.24
477,Gat,100,SN,11/14/2019 17:43,73,14.69,-16.54,73.4,5.82
478,Oistins,20,BB,11/14/2019 17:39,83,13.07,-59.53,80.6,10.29
479,Shelburne,90,CA,11/14/2019 17:43,80,44.08,-80.2,30.2,5.82
480,Gizo,5,IL,11/14/2019 17:43,56,31.8,34.94,70,2.24
481,Reconquista,23,AR,11/14/2019 17:43,67,-29.14,-59.64,73.92,5.08
482,Karsava,100,LV,11/14/2019 17:43,97,56.78,27.69,46.99,3.78
483,Sao Jose da Coroa Grande,62,BR,11/14/2019 17:43,76,-8.9,-35.15,79.32,14.54
484,San Quintin,100,PH,11/14/2019 17:43,78,17.54,120.52,75.85,4.56
485,Pangoa,100,PE,11/14/2019 17:43,98,-12.12,-73,71.53,2.75
486,Rosita,99,NI,11/14/2019 17:43,97,13.92,-84.4,72.7,1.52
487,Maniitsoq,100,GL,11/14/2019 17:43,71,65.42,-52.9,33.21,14.52
488,Douentza,0,ML,11/14/2019 17:43,19,15.01,-2.95,71.08,1.66
489,Kostino,20,BG,11/14/2019 17:43,93,41.7,25.3,57,2.24
490,Necochea,18,AR,11/14/2019 17:43,91,-38.55,-58.74,54,4.18
491,Waipawa,0,NZ,11/14/2019 17:43,64,-39.94,176.59,63,15.01
492,Plakhtiyivka,99,UA,11/14/2019 17:43,93,46.1,29.72,49.73,7.78
493,Bajil,1,ES,11/14/2019 17:43,90,38.23,-2.07,36,11.01
494,Inyonga,88,TZ,11/14/2019 17:43,86,-6.72,32.06,67.24,4.43
495,Taksimo,0,RU,11/14/2019 17:43,86,56.36,114.84,-25.83,1.05
496,High Rock,75,BS,11/14/2019 17:43,88,26.63,-78.28,75.2,5.82
497,Budogoshch,100,RU,11/14/2019 17:43,88,59.29,32.45,45.5,9.71
498,Sawakin,0,SD,11/14/2019 17:43,69,19.1,37.33,85.08,5.19
499,Del Rio,75,US,11/14/2019 17:43,48,29.36,-100.9,62.6,4.7
500,Fonte Boa,100,BR,11/14/2019 17:43,94,-2.51,-66.09,76.26,2.06
501,Encruzilhada do Sul,0,BR,11/14/2019 17:43,98,-30.54,-52.52,62.47,4.05
502,Kysyl-Syr,100,RU,11/14/2019 17:43,93,63.9,122.77,-15.16,5.64
503,Westport,75,US,11/14/2019 17:39,61,41.14,-73.36,46.99,13.87
504,Bambanglipuro,100,ID,11/14/2019 17:43,75,-7.95,110.28,78.76,7.25
505,Kushima,20,JP,11/14/2019 17:43,71,31.5,131.29,50,6.93
506,Venice,90,US,11/14/2019 17:41,74,27.1,-82.45,78.8,8.05
507,Moroni,20,GR,11/14/2019 17:43,87,35.09,24.92,60.01,5.82
508,Pingdingshan,0,CN,11/14/2019 17:43,38,33.74,113.3,55,7.02
509,Port Hedland,8,AU,11/14/2019 17:43,19,-20.31,118.58,86,9.17
510,Pangani,1,KE,11/14/2019 17:43,94,-2.37,40.57,75.2,2.48
